Run	Sample Characteristic[disease]	Sample Characteristic Ontology Term[disease]	Sample Characteristic[organism]	Sample Characteristic Ontology Term[organism]	Sample Characteristic[organism part]	Sample Characteristic Ontology Term[organism part]	Sample Characteristic[phenotype]	Sample Characteristic Ontology Term[phenotype]	Factor Value[disease]	Factor Value Ontology Term[disease]	Factor Value[phenotype]	Factor Value Ontology Term[phenotype]	Analysed
SRR1146076	normal	http://purl.obolibrary.org/obo/PATO_0000461	Homo sapiens	http://purl.obolibrary.org/obo/NCBITaxon_9606	skin	http://purl.obolibrary.org/obo/UBERON_0000014	normal	http://purl.obolibrary.org/obo/PATO_0000461	normal	http://purl.obolibrary.org/obo/PATO_0000461	normal	http://purl.obolibrary.org/obo/PATO_0000461	Yes
SRR1146077	psoriasis	http://www.ebi.ac.uk/efo/EFO_0000676	Homo sapiens	http://purl.obolibrary.org/obo/NCBITaxon_9606	skin	http://purl.obolibrary.org/obo/UBERON_0000014	lesional skin		psoriasis	http://www.ebi.ac.uk/efo/EFO_0000676	lesional skin		Yes
SRR1146078	psoriasis	http://www.ebi.ac.uk/efo/EFO_0000676	Homo sapiens	http://purl.obolibrary.org/obo/NCBITaxon_9606	skin	http://purl.obolibrary.org/obo/UBERON_0000014	lesional skin		psoriasis	http://www.ebi.ac.uk/efo/EFO_0000676	lesional skin		Yes
SRR1146079	psoriasis	http://www.ebi.ac.uk/efo/EFO_0000676	Homo sapiens	http://purl.obolibrary.org/obo/NCBITaxon_9606	skin	http://purl.obolibrary.org/obo/UBERON_0000014	lesional skin		psoriasis	http://www.ebi.ac.uk/efo/EFO_0000676	lesional skin		Yes
SRR1146080	psoriasis	http://www.ebi.ac.uk/efo/EFO_0000676	Homo sapiens	http://purl.obolibrary.org/obo/NCBITaxon_9606	skin	http://purl.obolibrary.org/obo/UBERON_0000014	lesional skin		psoriasis	http://www.ebi.ac.uk/efo/EFO_0000676	lesional skin		Yes
SRR1146081	psoriasis	http://www.ebi.ac.uk/efo/EFO_0000676	Homo sapiens	http://purl.obolibrary.org/obo/NCBITaxon_9606	skin	http://purl.obolibrary.org/obo/UBERON_0000014	lesional skin		psoriasis	http://www.ebi.ac.uk/efo/EFO_0000676	lesional skin		Yes
SRR1146082	psoriasis	http://www.ebi.ac.uk/efo/EFO_0000676	Homo sapiens	http://purl.obolibrary.org/obo/NCBITaxon_9606	skin	http://purl.obolibrary.org/obo/UBERON_0000014	lesional skin		psoriasis	http://www.ebi.ac.uk/efo/EFO_0000676	lesional skin		Yes
SRR1146083	psoriasis	http://www.ebi.ac.uk/efo/EFO_0000676	Homo sapiens	http://purl.obolibrary.org/obo/NCBITaxon_9606	skin	http://purl.obolibrary.org/obo/UBERON_0000014	lesional skin		psoriasis	http://www.ebi.ac.uk/efo/EFO_0000676	lesional skin		Yes
SRR1146084	psoriasis	http://www.ebi.ac.uk/efo/EFO_0000676	Homo sapiens	http://purl.obolibrary.org/obo/NCBITaxon_9606	skin	http://purl.obolibrary.org/obo/UBERON_0000014	lesional skin		psoriasis	http://www.ebi.ac.uk/efo/EFO_0000676	lesional skin		Yes
SRR1146085	normal	http://purl.obolibrary.org/obo/PATO_0000461	Homo sapiens	http://purl.obolibrary.org/obo/NCBITaxon_9606	skin	http://purl.obolibrary.org/obo/UBERON_0000014	normal	http://purl.obolibrary.org/obo/PATO_0000461	normal	http://purl.obolibrary.org/obo/PATO_0000461	normal	http://purl.obolibrary.org/obo/PATO_0000461	Yes
SRR1146086	normal	http://purl.obolibrary.org/obo/PATO_0000461	Homo sapiens	http://purl.obolibrary.org/obo/NCBITaxon_9606	skin	http://purl.obolibrary.org/obo/UBERON_0000014	normal	http://purl.obolibrary.org/obo/PATO_0000461	normal	http://purl.obolibrary.org/obo/PATO_0000461	normal	http://purl.obolibrary.org/obo/PATO_0000461	Yes
SRR1146087	psoriasis	http://www.ebi.ac.uk/efo/EFO_0000676	Homo sapiens	http://purl.obolibrary.org/obo/NCBITaxon_9606	skin	http://purl.obolibrary.org/obo/UBERON_0000014	lesional skin		psoriasis	http://www.ebi.ac.uk/efo/EFO_0000676	lesional skin		Yes
SRR1146088	normal	http://purl.obolibrary.org/obo/PATO_0000461	Homo sapiens	http://purl.obolibrary.org/obo/NCBITaxon_9606	skin	http://purl.obolibrary.org/obo/UBERON_0000014	normal	http://purl.obolibrary.org/obo/PATO_0000461	normal	http://purl.obolibrary.org/obo/PATO_0000461	normal	http://purl.obolibrary.org/obo/PATO_0000461	Yes
SRR1146089	psoriasis	http://www.ebi.ac.uk/efo/EFO_0000676	Homo sapiens	http://purl.obolibrary.org/obo/NCBITaxon_9606	skin	http://purl.obolibrary.org/obo/UBERON_0000014	lesional skin		psoriasis	http://www.ebi.ac.uk/efo/EFO_0000676	lesional skin		Yes
SRR1146090	psoriasis	http://www.ebi.ac.uk/efo/EFO_0000676	Homo sapiens	http://purl.obolibrary.org/obo/NCBITaxon_9606	skin	http://purl.obolibrary.org/obo/UBERON_0000014	lesional skin		psoriasis	http://www.ebi.ac.uk/efo/EFO_0000676	lesional skin		Yes
SRR1146091	psoriasis	http://www.ebi.ac.uk/efo/EFO_0000676	Homo sapiens	http://purl.obolibrary.org/obo/NCBITaxon_9606	skin	http://purl.obolibrary.org/obo/UBERON_0000014	lesional skin		psoriasis	http://www.ebi.ac.uk/efo/EFO_0000676	lesional skin		Yes
SRR1146092	psoriasis	http://www.ebi.ac.uk/efo/EFO_0000676	Homo sapiens	http://purl.obolibrary.org/obo/NCBITaxon_9606	skin	http://purl.obolibrary.org/obo/UBERON_0000014	lesional skin		psoriasis	http://www.ebi.ac.uk/efo/EFO_0000676	lesional skin		Yes
SRR1146093	psoriasis	http://www.ebi.ac.uk/efo/EFO_0000676	Homo sapiens	http://purl.obolibrary.org/obo/NCBITaxon_9606	skin	http://purl.obolibrary.org/obo/UBERON_0000014	lesional skin		psoriasis	http://www.ebi.ac.uk/efo/EFO_0000676	lesional skin		Yes
SRR1146094	psoriasis	http://www.ebi.ac.uk/efo/EFO_0000676	Homo sapiens	http://purl.obolibrary.org/obo/NCBITaxon_9606	skin	http://purl.obolibrary.org/obo/UBERON_0000014	lesional skin		psoriasis	http://www.ebi.ac.uk/efo/EFO_0000676	lesional skin		Yes
SRR1146095	psoriasis	http://www.ebi.ac.uk/efo/EFO_0000676	Homo sapiens	http://purl.obolibrary.org/obo/NCBITaxon_9606	skin	http://purl.obolibrary.org/obo/UBERON_0000014	lesional skin		psoriasis	http://www.ebi.ac.uk/efo/EFO_0000676	lesional skin		Yes
SRR1146096	normal	http://purl.obolibrary.org/obo/PATO_0000461	Homo sapiens	http://purl.obolibrary.org/obo/NCBITaxon_9606	skin	http://purl.obolibrary.org/obo/UBERON_0000014	normal	http://purl.obolibrary.org/obo/PATO_0000461	normal	http://purl.obolibrary.org/obo/PATO_0000461	normal	http://purl.obolibrary.org/obo/PATO_0000461	Yes
SRR1146097	psoriasis	http://www.ebi.ac.uk/efo/EFO_0000676	Homo sapiens	http://purl.obolibrary.org/obo/NCBITaxon_9606	skin	http://purl.obolibrary.org/obo/UBERON_0000014	lesional skin		psoriasis	http://www.ebi.ac.uk/efo/EFO_0000676	lesional skin		Yes
SRR1146098	psoriasis	http://www.ebi.ac.uk/efo/EFO_0000676	Homo sapiens	http://purl.obolibrary.org/obo/NCBITaxon_9606	skin	http://purl.obolibrary.org/obo/UBERON_0000014	lesional skin		psoriasis	http://www.ebi.ac.uk/efo/EFO_0000676	lesional skin		Yes
SRR1146099	psoriasis	http://www.ebi.ac.uk/efo/EFO_0000676	Homo sapiens	http://purl.obolibrary.org/obo/NCBITaxon_9606	skin	http://purl.obolibrary.org/obo/UBERON_0000014	lesional skin		psoriasis	http://www.ebi.ac.uk/efo/EFO_0000676	lesional skin		Yes
SRR1146100	psoriasis	http://www.ebi.ac.uk/efo/EFO_0000676	Homo sapiens	http://purl.obolibrary.org/obo/NCBITaxon_9606	skin	http://purl.obolibrary.org/obo/UBERON_0000014	lesional skin		psoriasis	http://www.ebi.ac.uk/efo/EFO_0000676	lesional skin		Yes
SRR1146101	normal	http://purl.obolibrary.org/obo/PATO_0000461	Homo sapiens	http://purl.obolibrary.org/obo/NCBITaxon_9606	skin	http://purl.obolibrary.org/obo/UBERON_0000014	normal	http://purl.obolibrary.org/obo/PATO_0000461	normal	http://purl.obolibrary.org/obo/PATO_0000461	normal	http://purl.obolibrary.org/obo/PATO_0000461	Yes
SRR1146102	psoriasis	http://www.ebi.ac.uk/efo/EFO_0000676	Homo sapiens	http://purl.obolibrary.org/obo/NCBITaxon_9606	skin	http://purl.obolibrary.org/obo/UBERON_0000014	lesional skin		psoriasis	http://www.ebi.ac.uk/efo/EFO_0000676	lesional skin		Yes
SRR1146103	psoriasis	http://www.ebi.ac.uk/efo/EFO_0000676	Homo sapiens	http://purl.obolibrary.org/obo/NCBITaxon_9606	skin	http://purl.obolibrary.org/obo/UBERON_0000014	lesional skin		psoriasis	http://www.ebi.ac.uk/efo/EFO_0000676	lesional skin		Yes
SRR1146104	psoriasis	http://www.ebi.ac.uk/efo/EFO_0000676	Homo sapiens	http://purl.obolibrary.org/obo/NCBITaxon_9606	skin	http://purl.obolibrary.org/obo/UBERON_0000014	lesional skin		psoriasis	http://www.ebi.ac.uk/efo/EFO_0000676	lesional skin		Yes
SRR1146105	psoriasis	http://www.ebi.ac.uk/efo/EFO_0000676	Homo sapiens	http://purl.obolibrary.org/obo/NCBITaxon_9606	skin	http://purl.obolibrary.org/obo/UBERON_0000014	lesional skin		psoriasis	http://www.ebi.ac.uk/efo/EFO_0000676	lesional skin		Yes
SRR1146106	normal	http://purl.obolibrary.org/obo/PATO_0000461	Homo sapiens	http://purl.obolibrary.org/obo/NCBITaxon_9606	skin	http://purl.obolibrary.org/obo/UBERON_0000014	normal	http://purl.obolibrary.org/obo/PATO_0000461	normal	http://purl.obolibrary.org/obo/PATO_0000461	normal	http://purl.obolibrary.org/obo/PATO_0000461	Yes
SRR1146107	normal	http://purl.obolibrary.org/obo/PATO_0000461	Homo sapiens	http://purl.obolibrary.org/obo/NCBITaxon_9606	skin	http://purl.obolibrary.org/obo/UBERON_0000014	normal	http://purl.obolibrary.org/obo/PATO_0000461	normal	http://purl.obolibrary.org/obo/PATO_0000461	normal	http://purl.obolibrary.org/obo/PATO_0000461	Yes
SRR1146108	normal	http://purl.obolibrary.org/obo/PATO_0000461	Homo sapiens	http://purl.obolibrary.org/obo/NCBITaxon_9606	skin	http://purl.obolibrary.org/obo/UBERON_0000014	normal	http://purl.obolibrary.org/obo/PATO_0000461	normal	http://purl.obolibrary.org/obo/PATO_0000461	normal	http://purl.obolibrary.org/obo/PATO_0000461	Yes
SRR1146109	normal	http://purl.obolibrary.org/obo/PATO_0000461	Homo sapiens	http://purl.obolibrary.org/obo/NCBITaxon_9606	skin	http://purl.obolibrary.org/obo/UBERON_0000014	normal	http://purl.obolibrary.org/obo/PATO_0000461	normal	http://purl.obolibrary.org/obo/PATO_0000461	normal	http://purl.obolibrary.org/obo/PATO_0000461	Yes
SRR1146110	psoriasis	http://www.ebi.ac.uk/efo/EFO_0000676	Homo sapiens	http://purl.obolibrary.org/obo/NCBITaxon_9606	skin	http://purl.obolibrary.org/obo/UBERON_0000014	lesional skin		psoriasis	http://www.ebi.ac.uk/efo/EFO_0000676	lesional skin		Yes
SRR1146111	normal	http://purl.obolibrary.org/obo/PATO_0000461	Homo sapiens	http://purl.obolibrary.org/obo/NCBITaxon_9606	skin	http://purl.obolibrary.org/obo/UBERON_0000014	normal	http://purl.obolibrary.org/obo/PATO_0000461	normal	http://purl.obolibrary.org/obo/PATO_0000461	normal	http://purl.obolibrary.org/obo/PATO_0000461	Yes
SRR1146112	psoriasis	http://www.ebi.ac.uk/efo/EFO_0000676	Homo sapiens	http://purl.obolibrary.org/obo/NCBITaxon_9606	skin	http://purl.obolibrary.org/obo/UBERON_0000014	lesional skin		psoriasis	http://www.ebi.ac.uk/efo/EFO_0000676	lesional skin		Yes
SRR1146113	normal	http://purl.obolibrary.org/obo/PATO_0000461	Homo sapiens	http://purl.obolibrary.org/obo/NCBITaxon_9606	skin	http://purl.obolibrary.org/obo/UBERON_0000014	normal	http://purl.obolibrary.org/obo/PATO_0000461	normal	http://purl.obolibrary.org/obo/PATO_0000461	normal	http://purl.obolibrary.org/obo/PATO_0000461	Yes
SRR1146114	normal	http://purl.obolibrary.org/obo/PATO_0000461	Homo sapiens	http://purl.obolibrary.org/obo/NCBITaxon_9606	skin	http://purl.obolibrary.org/obo/UBERON_0000014	normal	http://purl.obolibrary.org/obo/PATO_0000461	normal	http://purl.obolibrary.org/obo/PATO_0000461	normal	http://purl.obolibrary.org/obo/PATO_0000461	Yes
SRR1146115	normal	http://purl.obolibrary.org/obo/PATO_0000461	Homo sapiens	http://purl.obolibrary.org/obo/NCBITaxon_9606	skin	http://purl.obolibrary.org/obo/UBERON_0000014	normal	http://purl.obolibrary.org/obo/PATO_0000461	normal	http://purl.obolibrary.org/obo/PATO_0000461	normal	http://purl.obolibrary.org/obo/PATO_0000461	Yes
SRR1146116	normal	http://purl.obolibrary.org/obo/PATO_0000461	Homo sapiens	http://purl.obolibrary.org/obo/NCBITaxon_9606	skin	http://purl.obolibrary.org/obo/UBERON_0000014	normal	http://purl.obolibrary.org/obo/PATO_0000461	normal	http://purl.obolibrary.org/obo/PATO_0000461	normal	http://purl.obolibrary.org/obo/PATO_0000461	Yes
SRR1146117	normal	http://purl.obolibrary.org/obo/PATO_0000461	Homo sapiens	http://purl.obolibrary.org/obo/NCBITaxon_9606	skin	http://purl.obolibrary.org/obo/UBERON_0000014	normal	http://purl.obolibrary.org/obo/PATO_0000461	normal	http://purl.obolibrary.org/obo/PATO_0000461	normal	http://purl.obolibrary.org/obo/PATO_0000461	Yes
SRR1146118	normal	http://purl.obolibrary.org/obo/PATO_0000461	Homo sapiens	http://purl.obolibrary.org/obo/NCBITaxon_9606	skin	http://purl.obolibrary.org/obo/UBERON_0000014	normal	http://purl.obolibrary.org/obo/PATO_0000461	normal	http://purl.obolibrary.org/obo/PATO_0000461	normal	http://purl.obolibrary.org/obo/PATO_0000461	Yes
SRR1146119	psoriasis	http://www.ebi.ac.uk/efo/EFO_0000676	Homo sapiens	http://purl.obolibrary.org/obo/NCBITaxon_9606	skin	http://purl.obolibrary.org/obo/UBERON_0000014	lesional skin		psoriasis	http://www.ebi.ac.uk/efo/EFO_0000676	lesional skin		Yes
SRR1146120	normal	http://purl.obolibrary.org/obo/PATO_0000461	Homo sapiens	http://purl.obolibrary.org/obo/NCBITaxon_9606	skin	http://purl.obolibrary.org/obo/UBERON_0000014	normal	http://purl.obolibrary.org/obo/PATO_0000461	normal	http://purl.obolibrary.org/obo/PATO_0000461	normal	http://purl.obolibrary.org/obo/PATO_0000461	Yes
SRR1146121	normal	http://purl.obolibrary.org/obo/PATO_0000461	Homo sapiens	http://purl.obolibrary.org/obo/NCBITaxon_9606	skin	http://purl.obolibrary.org/obo/UBERON_0000014	normal	http://purl.obolibrary.org/obo/PATO_0000461	normal	http://purl.obolibrary.org/obo/PATO_0000461	normal	http://purl.obolibrary.org/obo/PATO_0000461	Yes
SRR1146122	normal	http://purl.obolibrary.org/obo/PATO_0000461	Homo sapiens	http://purl.obolibrary.org/obo/NCBITaxon_9606	skin	http://purl.obolibrary.org/obo/UBERON_0000014	normal	http://purl.obolibrary.org/obo/PATO_0000461	normal	http://purl.obolibrary.org/obo/PATO_0000461	normal	http://purl.obolibrary.org/obo/PATO_0000461	Yes
SRR1146123	psoriasis	http://www.ebi.ac.uk/efo/EFO_0000676	Homo sapiens	http://purl.obolibrary.org/obo/NCBITaxon_9606	skin	http://purl.obolibrary.org/obo/UBERON_0000014	lesional skin		psoriasis	http://www.ebi.ac.uk/efo/EFO_0000676	lesional skin		Yes
SRR1146124	psoriasis	http://www.ebi.ac.uk/efo/EFO_0000676	Homo sapiens	http://purl.obolibrary.org/obo/NCBITaxon_9606	skin	http://purl.obolibrary.org/obo/UBERON_0000014	lesional skin		psoriasis	http://www.ebi.ac.uk/efo/EFO_0000676	lesional skin		Yes
SRR1146125	normal	http://purl.obolibrary.org/obo/PATO_0000461	Homo sapiens	http://purl.obolibrary.org/obo/NCBITaxon_9606	skin	http://purl.obolibrary.org/obo/UBERON_0000014	normal	http://purl.obolibrary.org/obo/PATO_0000461	normal	http://purl.obolibrary.org/obo/PATO_0000461	normal	http://purl.obolibrary.org/obo/PATO_0000461	Yes
SRR1146126	normal	http://purl.obolibrary.org/obo/PATO_0000461	Homo sapiens	http://purl.obolibrary.org/obo/NCBITaxon_9606	skin	http://purl.obolibrary.org/obo/UBERON_0000014	normal	http://purl.obolibrary.org/obo/PATO_0000461	normal	http://purl.obolibrary.org/obo/PATO_0000461	normal	http://purl.obolibrary.org/obo/PATO_0000461	Yes
SRR1146127	normal	http://purl.obolibrary.org/obo/PATO_0000461	Homo sapiens	http://purl.obolibrary.org/obo/NCBITaxon_9606	skin	http://purl.obolibrary.org/obo/UBERON_0000014	normal	http://purl.obolibrary.org/obo/PATO_0000461	normal	http://purl.obolibrary.org/obo/PATO_0000461	normal	http://purl.obolibrary.org/obo/PATO_0000461	Yes
SRR1146128	psoriasis	http://www.ebi.ac.uk/efo/EFO_0000676	Homo sapiens	http://purl.obolibrary.org/obo/NCBITaxon_9606	skin	http://purl.obolibrary.org/obo/UBERON_0000014	lesional skin		psoriasis	http://www.ebi.ac.uk/efo/EFO_0000676	lesional skin		Yes
SRR1146129	psoriasis	http://www.ebi.ac.uk/efo/EFO_0000676	Homo sapiens	http://purl.obolibrary.org/obo/NCBITaxon_9606	skin	http://purl.obolibrary.org/obo/UBERON_0000014	lesional skin		psoriasis	http://www.ebi.ac.uk/efo/EFO_0000676	lesional skin		Yes
SRR1146130	normal	http://purl.obolibrary.org/obo/PATO_0000461	Homo sapiens	http://purl.obolibrary.org/obo/NCBITaxon_9606	skin	http://purl.obolibrary.org/obo/UBERON_0000014	normal	http://purl.obolibrary.org/obo/PATO_0000461	normal	http://purl.obolibrary.org/obo/PATO_0000461	normal	http://purl.obolibrary.org/obo/PATO_0000461	Yes
SRR1146131	normal	http://purl.obolibrary.org/obo/PATO_0000461	Homo sapiens	http://purl.obolibrary.org/obo/NCBITaxon_9606	skin	http://purl.obolibrary.org/obo/UBERON_0000014	normal	http://purl.obolibrary.org/obo/PATO_0000461	normal	http://purl.obolibrary.org/obo/PATO_0000461	normal	http://purl.obolibrary.org/obo/PATO_0000461	Yes
SRR1146132	psoriasis	http://www.ebi.ac.uk/efo/EFO_0000676	Homo sapiens	http://purl.obolibrary.org/obo/NCBITaxon_9606	skin	http://purl.obolibrary.org/obo/UBERON_0000014	lesional skin		psoriasis	http://www.ebi.ac.uk/efo/EFO_0000676	lesional skin		Yes
SRR1146133	psoriasis	http://www.ebi.ac.uk/efo/EFO_0000676	Homo sapiens	http://purl.obolibrary.org/obo/NCBITaxon_9606	skin	http://purl.obolibrary.org/obo/UBERON_0000014	lesional skin		psoriasis	http://www.ebi.ac.uk/efo/EFO_0000676	lesional skin		Yes
SRR1146134	psoriasis	http://www.ebi.ac.uk/efo/EFO_0000676	Homo sapiens	http://purl.obolibrary.org/obo/NCBITaxon_9606	skin	http://purl.obolibrary.org/obo/UBERON_0000014	lesional skin		psoriasis	http://www.ebi.ac.uk/efo/EFO_0000676	lesional skin		Yes
SRR1146135	psoriasis	http://www.ebi.ac.uk/efo/EFO_0000676	Homo sapiens	http://purl.obolibrary.org/obo/NCBITaxon_9606	skin	http://purl.obolibrary.org/obo/UBERON_0000014	lesional skin		psoriasis	http://www.ebi.ac.uk/efo/EFO_0000676	lesional skin		Yes
SRR1146136	psoriasis	http://www.ebi.ac.uk/efo/EFO_0000676	Homo sapiens	http://purl.obolibrary.org/obo/NCBITaxon_9606	skin	http://purl.obolibrary.org/obo/UBERON_0000014	lesional skin		psoriasis	http://www.ebi.ac.uk/efo/EFO_0000676	lesional skin		Yes
SRR1146137	normal	http://purl.obolibrary.org/obo/PATO_0000461	Homo sapiens	http://purl.obolibrary.org/obo/NCBITaxon_9606	skin	http://purl.obolibrary.org/obo/UBERON_0000014	normal	http://purl.obolibrary.org/obo/PATO_0000461	normal	http://purl.obolibrary.org/obo/PATO_0000461	normal	http://purl.obolibrary.org/obo/PATO_0000461	Yes
SRR1146138	normal	http://purl.obolibrary.org/obo/PATO_0000461	Homo sapiens	http://purl.obolibrary.org/obo/NCBITaxon_9606	skin	http://purl.obolibrary.org/obo/UBERON_0000014	normal	http://purl.obolibrary.org/obo/PATO_0000461	normal	http://purl.obolibrary.org/obo/PATO_0000461	normal	http://purl.obolibrary.org/obo/PATO_0000461	Yes
SRR1146139	normal	http://purl.obolibrary.org/obo/PATO_0000461	Homo sapiens	http://purl.obolibrary.org/obo/NCBITaxon_9606	skin	http://purl.obolibrary.org/obo/UBERON_0000014	normal	http://purl.obolibrary.org/obo/PATO_0000461	normal	http://purl.obolibrary.org/obo/PATO_0000461	normal	http://purl.obolibrary.org/obo/PATO_0000461	Yes
SRR1146140	psoriasis	http://www.ebi.ac.uk/efo/EFO_0000676	Homo sapiens	http://purl.obolibrary.org/obo/NCBITaxon_9606	skin	http://purl.obolibrary.org/obo/UBERON_0000014	lesional skin		psoriasis	http://www.ebi.ac.uk/efo/EFO_0000676	lesional skin		Yes
SRR1146141	psoriasis	http://www.ebi.ac.uk/efo/EFO_0000676	Homo sapiens	http://purl.obolibrary.org/obo/NCBITaxon_9606	skin	http://purl.obolibrary.org/obo/UBERON_0000014	lesional skin		psoriasis	http://www.ebi.ac.uk/efo/EFO_0000676	lesional skin		Yes
SRR1146142	normal	http://purl.obolibrary.org/obo/PATO_0000461	Homo sapiens	http://purl.obolibrary.org/obo/NCBITaxon_9606	skin	http://purl.obolibrary.org/obo/UBERON_0000014	normal	http://purl.obolibrary.org/obo/PATO_0000461	normal	http://purl.obolibrary.org/obo/PATO_0000461	normal	http://purl.obolibrary.org/obo/PATO_0000461	Yes
SRR1146143	normal	http://purl.obolibrary.org/obo/PATO_0000461	Homo sapiens	http://purl.obolibrary.org/obo/NCBITaxon_9606	skin	http://purl.obolibrary.org/obo/UBERON_0000014	normal	http://purl.obolibrary.org/obo/PATO_0000461	normal	http://purl.obolibrary.org/obo/PATO_0000461	normal	http://purl.obolibrary.org/obo/PATO_0000461	Yes
SRR1146144	normal	http://purl.obolibrary.org/obo/PATO_0000461	Homo sapiens	http://purl.obolibrary.org/obo/NCBITaxon_9606	skin	http://purl.obolibrary.org/obo/UBERON_0000014	normal	http://purl.obolibrary.org/obo/PATO_0000461	normal	http://purl.obolibrary.org/obo/PATO_0000461	normal	http://purl.obolibrary.org/obo/PATO_0000461	Yes
SRR1146145	normal	http://purl.obolibrary.org/obo/PATO_0000461	Homo sapiens	http://purl.obolibrary.org/obo/NCBITaxon_9606	skin	http://purl.obolibrary.org/obo/UBERON_0000014	normal	http://purl.obolibrary.org/obo/PATO_0000461	normal	http://purl.obolibrary.org/obo/PATO_0000461	normal	http://purl.obolibrary.org/obo/PATO_0000461	Yes
SRR1146146	normal	http://purl.obolibrary.org/obo/PATO_0000461	Homo sapiens	http://purl.obolibrary.org/obo/NCBITaxon_9606	skin	http://purl.obolibrary.org/obo/UBERON_0000014	normal	http://purl.obolibrary.org/obo/PATO_0000461	normal	http://purl.obolibrary.org/obo/PATO_0000461	normal	http://purl.obolibrary.org/obo/PATO_0000461	Yes
SRR1146147	psoriasis	http://www.ebi.ac.uk/efo/EFO_0000676	Homo sapiens	http://purl.obolibrary.org/obo/NCBITaxon_9606	skin	http://purl.obolibrary.org/obo/UBERON_0000014	lesional skin		psoriasis	http://www.ebi.ac.uk/efo/EFO_0000676	lesional skin		Yes
SRR1146148	psoriasis	http://www.ebi.ac.uk/efo/EFO_0000676	Homo sapiens	http://purl.obolibrary.org/obo/NCBITaxon_9606	skin	http://purl.obolibrary.org/obo/UBERON_0000014	lesional skin		psoriasis	http://www.ebi.ac.uk/efo/EFO_0000676	lesional skin		Yes
SRR1146149	psoriasis	http://www.ebi.ac.uk/efo/EFO_0000676	Homo sapiens	http://purl.obolibrary.org/obo/NCBITaxon_9606	skin	http://purl.obolibrary.org/obo/UBERON_0000014	lesional skin		psoriasis	http://www.ebi.ac.uk/efo/EFO_0000676	lesional skin		Yes
SRR1146150	psoriasis	http://www.ebi.ac.uk/efo/EFO_0000676	Homo sapiens	http://purl.obolibrary.org/obo/NCBITaxon_9606	skin	http://purl.obolibrary.org/obo/UBERON_0000014	lesional skin		psoriasis	http://www.ebi.ac.uk/efo/EFO_0000676	lesional skin		Yes
SRR1146151	psoriasis	http://www.ebi.ac.uk/efo/EFO_0000676	Homo sapiens	http://purl.obolibrary.org/obo/NCBITaxon_9606	skin	http://purl.obolibrary.org/obo/UBERON_0000014	lesional skin		psoriasis	http://www.ebi.ac.uk/efo/EFO_0000676	lesional skin		Yes
SRR1146152	psoriasis	http://www.ebi.ac.uk/efo/EFO_0000676	Homo sapiens	http://purl.obolibrary.org/obo/NCBITaxon_9606	skin	http://purl.obolibrary.org/obo/UBERON_0000014	lesional skin		psoriasis	http://www.ebi.ac.uk/efo/EFO_0000676	lesional skin		Yes
SRR1146153	normal	http://purl.obolibrary.org/obo/PATO_0000461	Homo sapiens	http://purl.obolibrary.org/obo/NCBITaxon_9606	skin	http://purl.obolibrary.org/obo/UBERON_0000014	normal	http://purl.obolibrary.org/obo/PATO_0000461	normal	http://purl.obolibrary.org/obo/PATO_0000461	normal	http://purl.obolibrary.org/obo/PATO_0000461	Yes
SRR1146154	psoriasis	http://www.ebi.ac.uk/efo/EFO_0000676	Homo sapiens	http://purl.obolibrary.org/obo/NCBITaxon_9606	skin	http://purl.obolibrary.org/obo/UBERON_0000014	lesional skin		psoriasis	http://www.ebi.ac.uk/efo/EFO_0000676	lesional skin		Yes
SRR1146155	psoriasis	http://www.ebi.ac.uk/efo/EFO_0000676	Homo sapiens	http://purl.obolibrary.org/obo/NCBITaxon_9606	skin	http://purl.obolibrary.org/obo/UBERON_0000014	lesional skin		psoriasis	http://www.ebi.ac.uk/efo/EFO_0000676	lesional skin		Yes
SRR1146156	psoriasis	http://www.ebi.ac.uk/efo/EFO_0000676	Homo sapiens	http://purl.obolibrary.org/obo/NCBITaxon_9606	skin	http://purl.obolibrary.org/obo/UBERON_0000014	lesional skin		psoriasis	http://www.ebi.ac.uk/efo/EFO_0000676	lesional skin		Yes
SRR1146157	psoriasis	http://www.ebi.ac.uk/efo/EFO_0000676	Homo sapiens	http://purl.obolibrary.org/obo/NCBITaxon_9606	skin	http://purl.obolibrary.org/obo/UBERON_0000014	lesional skin		psoriasis	http://www.ebi.ac.uk/efo/EFO_0000676	lesional skin		Yes
SRR1146158	psoriasis	http://www.ebi.ac.uk/efo/EFO_0000676	Homo sapiens	http://purl.obolibrary.org/obo/NCBITaxon_9606	skin	http://purl.obolibrary.org/obo/UBERON_0000014	lesional skin		psoriasis	http://www.ebi.ac.uk/efo/EFO_0000676	lesional skin		Yes
SRR1146159	psoriasis	http://www.ebi.ac.uk/efo/EFO_0000676	Homo sapiens	http://purl.obolibrary.org/obo/NCBITaxon_9606	skin	http://purl.obolibrary.org/obo/UBERON_0000014	lesional skin		psoriasis	http://www.ebi.ac.uk/efo/EFO_0000676	lesional skin		Yes
SRR1146160	psoriasis	http://www.ebi.ac.uk/efo/EFO_0000676	Homo sapiens	http://purl.obolibrary.org/obo/NCBITaxon_9606	skin	http://purl.obolibrary.org/obo/UBERON_0000014	lesional skin		psoriasis	http://www.ebi.ac.uk/efo/EFO_0000676	lesional skin		Yes
SRR1146161	psoriasis	http://www.ebi.ac.uk/efo/EFO_0000676	Homo sapiens	http://purl.obolibrary.org/obo/NCBITaxon_9606	skin	http://purl.obolibrary.org/obo/UBERON_0000014	lesional skin		psoriasis	http://www.ebi.ac.uk/efo/EFO_0000676	lesional skin		Yes
SRR1146162	psoriasis	http://www.ebi.ac.uk/efo/EFO_0000676	Homo sapiens	http://purl.obolibrary.org/obo/NCBITaxon_9606	skin	http://purl.obolibrary.org/obo/UBERON_0000014	lesional skin		psoriasis	http://www.ebi.ac.uk/efo/EFO_0000676	lesional skin		Yes
SRR1146163	psoriasis	http://www.ebi.ac.uk/efo/EFO_0000676	Homo sapiens	http://purl.obolibrary.org/obo/NCBITaxon_9606	skin	http://purl.obolibrary.org/obo/UBERON_0000014	lesional skin		psoriasis	http://www.ebi.ac.uk/efo/EFO_0000676	lesional skin		Yes
SRR1146164	psoriasis	http://www.ebi.ac.uk/efo/EFO_0000676	Homo sapiens	http://purl.obolibrary.org/obo/NCBITaxon_9606	skin	http://purl.obolibrary.org/obo/UBERON_0000014	lesional skin		psoriasis	http://www.ebi.ac.uk/efo/EFO_0000676	lesional skin		Yes
SRR1146165	psoriasis	http://www.ebi.ac.uk/efo/EFO_0000676	Homo sapiens	http://purl.obolibrary.org/obo/NCBITaxon_9606	skin	http://purl.obolibrary.org/obo/UBERON_0000014	lesional skin		psoriasis	http://www.ebi.ac.uk/efo/EFO_0000676	lesional skin		Yes
SRR1146166	normal	http://purl.obolibrary.org/obo/PATO_0000461	Homo sapiens	http://purl.obolibrary.org/obo/NCBITaxon_9606	skin	http://purl.obolibrary.org/obo/UBERON_0000014	normal	http://purl.obolibrary.org/obo/PATO_0000461	normal	http://purl.obolibrary.org/obo/PATO_0000461	normal	http://purl.obolibrary.org/obo/PATO_0000461	Yes
SRR1146167	normal	http://purl.obolibrary.org/obo/PATO_0000461	Homo sapiens	http://purl.obolibrary.org/obo/NCBITaxon_9606	skin	http://purl.obolibrary.org/obo/UBERON_0000014	normal	http://purl.obolibrary.org/obo/PATO_0000461	normal	http://purl.obolibrary.org/obo/PATO_0000461	normal	http://purl.obolibrary.org/obo/PATO_0000461	Yes
SRR1146168	psoriasis	http://www.ebi.ac.uk/efo/EFO_0000676	Homo sapiens	http://purl.obolibrary.org/obo/NCBITaxon_9606	skin	http://purl.obolibrary.org/obo/UBERON_0000014	lesional skin		psoriasis	http://www.ebi.ac.uk/efo/EFO_0000676	lesional skin		Yes
SRR1146169	normal	http://purl.obolibrary.org/obo/PATO_0000461	Homo sapiens	http://purl.obolibrary.org/obo/NCBITaxon_9606	skin	http://purl.obolibrary.org/obo/UBERON_0000014	normal	http://purl.obolibrary.org/obo/PATO_0000461	normal	http://purl.obolibrary.org/obo/PATO_0000461	normal	http://purl.obolibrary.org/obo/PATO_0000461	Yes
SRR1146170	normal	http://purl.obolibrary.org/obo/PATO_0000461	Homo sapiens	http://purl.obolibrary.org/obo/NCBITaxon_9606	skin	http://purl.obolibrary.org/obo/UBERON_0000014	normal	http://purl.obolibrary.org/obo/PATO_0000461	normal	http://purl.obolibrary.org/obo/PATO_0000461	normal	http://purl.obolibrary.org/obo/PATO_0000461	Yes
SRR1146171	normal	http://purl.obolibrary.org/obo/PATO_0000461	Homo sapiens	http://purl.obolibrary.org/obo/NCBITaxon_9606	skin	http://purl.obolibrary.org/obo/UBERON_0000014	normal	http://purl.obolibrary.org/obo/PATO_0000461	normal	http://purl.obolibrary.org/obo/PATO_0000461	normal	http://purl.obolibrary.org/obo/PATO_0000461	Yes
SRR1146172	normal	http://purl.obolibrary.org/obo/PATO_0000461	Homo sapiens	http://purl.obolibrary.org/obo/NCBITaxon_9606	skin	http://purl.obolibrary.org/obo/UBERON_0000014	normal	http://purl.obolibrary.org/obo/PATO_0000461	normal	http://purl.obolibrary.org/obo/PATO_0000461	normal	http://purl.obolibrary.org/obo/PATO_0000461	Yes
SRR1146173	normal	http://purl.obolibrary.org/obo/PATO_0000461	Homo sapiens	http://purl.obolibrary.org/obo/NCBITaxon_9606	skin	http://purl.obolibrary.org/obo/UBERON_0000014	normal	http://purl.obolibrary.org/obo/PATO_0000461	normal	http://purl.obolibrary.org/obo/PATO_0000461	normal	http://purl.obolibrary.org/obo/PATO_0000461	Yes
SRR1146174	normal	http://purl.obolibrary.org/obo/PATO_0000461	Homo sapiens	http://purl.obolibrary.org/obo/NCBITaxon_9606	skin	http://purl.obolibrary.org/obo/UBERON_0000014	normal	http://purl.obolibrary.org/obo/PATO_0000461	normal	http://purl.obolibrary.org/obo/PATO_0000461	normal	http://purl.obolibrary.org/obo/PATO_0000461	Yes
SRR1146175	normal	http://purl.obolibrary.org/obo/PATO_0000461	Homo sapiens	http://purl.obolibrary.org/obo/NCBITaxon_9606	skin	http://purl.obolibrary.org/obo/UBERON_0000014	normal	http://purl.obolibrary.org/obo/PATO_0000461	normal	http://purl.obolibrary.org/obo/PATO_0000461	normal	http://purl.obolibrary.org/obo/PATO_0000461	Yes
SRR1146176	normal	http://purl.obolibrary.org/obo/PATO_0000461	Homo sapiens	http://purl.obolibrary.org/obo/NCBITaxon_9606	skin	http://purl.obolibrary.org/obo/UBERON_0000014	normal	http://purl.obolibrary.org/obo/PATO_0000461	normal	http://purl.obolibrary.org/obo/PATO_0000461	normal	http://purl.obolibrary.org/obo/PATO_0000461	Yes
SRR1146177	normal	http://purl.obolibrary.org/obo/PATO_0000461	Homo sapiens	http://purl.obolibrary.org/obo/NCBITaxon_9606	skin	http://purl.obolibrary.org/obo/UBERON_0000014	normal	http://purl.obolibrary.org/obo/PATO_0000461	normal	http://purl.obolibrary.org/obo/PATO_0000461	normal	http://purl.obolibrary.org/obo/PATO_0000461	Yes
SRR1146178	normal	http://purl.obolibrary.org/obo/PATO_0000461	Homo sapiens	http://purl.obolibrary.org/obo/NCBITaxon_9606	skin	http://purl.obolibrary.org/obo/UBERON_0000014	normal	http://purl.obolibrary.org/obo/PATO_0000461	normal	http://purl.obolibrary.org/obo/PATO_0000461	normal	http://purl.obolibrary.org/obo/PATO_0000461	Yes
SRR1146179	normal	http://purl.obolibrary.org/obo/PATO_0000461	Homo sapiens	http://purl.obolibrary.org/obo/NCBITaxon_9606	skin	http://purl.obolibrary.org/obo/UBERON_0000014	normal	http://purl.obolibrary.org/obo/PATO_0000461	normal	http://purl.obolibrary.org/obo/PATO_0000461	normal	http://purl.obolibrary.org/obo/PATO_0000461	Yes
SRR1146180	normal	http://purl.obolibrary.org/obo/PATO_0000461	Homo sapiens	http://purl.obolibrary.org/obo/NCBITaxon_9606	skin	http://purl.obolibrary.org/obo/UBERON_0000014	normal	http://purl.obolibrary.org/obo/PATO_0000461	normal	http://purl.obolibrary.org/obo/PATO_0000461	normal	http://purl.obolibrary.org/obo/PATO_0000461	Yes
SRR1146181	normal	http://purl.obolibrary.org/obo/PATO_0000461	Homo sapiens	http://purl.obolibrary.org/obo/NCBITaxon_9606	skin	http://purl.obolibrary.org/obo/UBERON_0000014	normal	http://purl.obolibrary.org/obo/PATO_0000461	normal	http://purl.obolibrary.org/obo/PATO_0000461	normal	http://purl.obolibrary.org/obo/PATO_0000461	Yes
SRR1146182	normal	http://purl.obolibrary.org/obo/PATO_0000461	Homo sapiens	http://purl.obolibrary.org/obo/NCBITaxon_9606	skin	http://purl.obolibrary.org/obo/UBERON_0000014	normal	http://purl.obolibrary.org/obo/PATO_0000461	normal	http://purl.obolibrary.org/obo/PATO_0000461	normal	http://purl.obolibrary.org/obo/PATO_0000461	Yes
SRR1146183	normal	http://purl.obolibrary.org/obo/PATO_0000461	Homo sapiens	http://purl.obolibrary.org/obo/NCBITaxon_9606	skin	http://purl.obolibrary.org/obo/UBERON_0000014	normal	http://purl.obolibrary.org/obo/PATO_0000461	normal	http://purl.obolibrary.org/obo/PATO_0000461	normal	http://purl.obolibrary.org/obo/PATO_0000461	Yes
SRR1146184	normal	http://purl.obolibrary.org/obo/PATO_0000461	Homo sapiens	http://purl.obolibrary.org/obo/NCBITaxon_9606	skin	http://purl.obolibrary.org/obo/UBERON_0000014	normal	http://purl.obolibrary.org/obo/PATO_0000461	normal	http://purl.obolibrary.org/obo/PATO_0000461	normal	http://purl.obolibrary.org/obo/PATO_0000461	Yes
SRR1146185	normal	http://purl.obolibrary.org/obo/PATO_0000461	Homo sapiens	http://purl.obolibrary.org/obo/NCBITaxon_9606	skin	http://purl.obolibrary.org/obo/UBERON_0000014	normal	http://purl.obolibrary.org/obo/PATO_0000461	normal	http://purl.obolibrary.org/obo/PATO_0000461	normal	http://purl.obolibrary.org/obo/PATO_0000461	Yes
SRR1146186	normal	http://purl.obolibrary.org/obo/PATO_0000461	Homo sapiens	http://purl.obolibrary.org/obo/NCBITaxon_9606	skin	http://purl.obolibrary.org/obo/UBERON_0000014	normal	http://purl.obolibrary.org/obo/PATO_0000461	normal	http://purl.obolibrary.org/obo/PATO_0000461	normal	http://purl.obolibrary.org/obo/PATO_0000461	Yes
SRR1146187	normal	http://purl.obolibrary.org/obo/PATO_0000461	Homo sapiens	http://purl.obolibrary.org/obo/NCBITaxon_9606	skin	http://purl.obolibrary.org/obo/UBERON_0000014	normal	http://purl.obolibrary.org/obo/PATO_0000461	normal	http://purl.obolibrary.org/obo/PATO_0000461	normal	http://purl.obolibrary.org/obo/PATO_0000461	Yes
SRR1146188	normal	http://purl.obolibrary.org/obo/PATO_0000461	Homo sapiens	http://purl.obolibrary.org/obo/NCBITaxon_9606	skin	http://purl.obolibrary.org/obo/UBERON_0000014	normal	http://purl.obolibrary.org/obo/PATO_0000461	normal	http://purl.obolibrary.org/obo/PATO_0000461	normal	http://purl.obolibrary.org/obo/PATO_0000461	Yes
SRR1146189	normal	http://purl.obolibrary.org/obo/PATO_0000461	Homo sapiens	http://purl.obolibrary.org/obo/NCBITaxon_9606	skin	http://purl.obolibrary.org/obo/UBERON_0000014	normal	http://purl.obolibrary.org/obo/PATO_0000461	normal	http://purl.obolibrary.org/obo/PATO_0000461	normal	http://purl.obolibrary.org/obo/PATO_0000461	Yes
SRR1146190	normal	http://purl.obolibrary.org/obo/PATO_0000461	Homo sapiens	http://purl.obolibrary.org/obo/NCBITaxon_9606	skin	http://purl.obolibrary.org/obo/UBERON_0000014	normal	http://purl.obolibrary.org/obo/PATO_0000461	normal	http://purl.obolibrary.org/obo/PATO_0000461	normal	http://purl.obolibrary.org/obo/PATO_0000461	Yes
SRR1146191	normal	http://purl.obolibrary.org/obo/PATO_0000461	Homo sapiens	http://purl.obolibrary.org/obo/NCBITaxon_9606	skin	http://purl.obolibrary.org/obo/UBERON_0000014	normal	http://purl.obolibrary.org/obo/PATO_0000461	normal	http://purl.obolibrary.org/obo/PATO_0000461	normal	http://purl.obolibrary.org/obo/PATO_0000461	Yes
SRR1146192	normal	http://purl.obolibrary.org/obo/PATO_0000461	Homo sapiens	http://purl.obolibrary.org/obo/NCBITaxon_9606	skin	http://purl.obolibrary.org/obo/UBERON_0000014	normal	http://purl.obolibrary.org/obo/PATO_0000461	normal	http://purl.obolibrary.org/obo/PATO_0000461	normal	http://purl.obolibrary.org/obo/PATO_0000461	Yes
SRR1146193	normal	http://purl.obolibrary.org/obo/PATO_0000461	Homo sapiens	http://purl.obolibrary.org/obo/NCBITaxon_9606	skin	http://purl.obolibrary.org/obo/UBERON_0000014	normal	http://purl.obolibrary.org/obo/PATO_0000461	normal	http://purl.obolibrary.org/obo/PATO_0000461	normal	http://purl.obolibrary.org/obo/PATO_0000461	Yes
SRR1146194	normal	http://purl.obolibrary.org/obo/PATO_0000461	Homo sapiens	http://purl.obolibrary.org/obo/NCBITaxon_9606	skin	http://purl.obolibrary.org/obo/UBERON_0000014	normal	http://purl.obolibrary.org/obo/PATO_0000461	normal	http://purl.obolibrary.org/obo/PATO_0000461	normal	http://purl.obolibrary.org/obo/PATO_0000461	Yes
SRR1146195	normal	http://purl.obolibrary.org/obo/PATO_0000461	Homo sapiens	http://purl.obolibrary.org/obo/NCBITaxon_9606	skin	http://purl.obolibrary.org/obo/UBERON_0000014	normal	http://purl.obolibrary.org/obo/PATO_0000461	normal	http://purl.obolibrary.org/obo/PATO_0000461	normal	http://purl.obolibrary.org/obo/PATO_0000461	Yes
SRR1146196	normal	http://purl.obolibrary.org/obo/PATO_0000461	Homo sapiens	http://purl.obolibrary.org/obo/NCBITaxon_9606	skin	http://purl.obolibrary.org/obo/UBERON_0000014	normal	http://purl.obolibrary.org/obo/PATO_0000461	normal	http://purl.obolibrary.org/obo/PATO_0000461	normal	http://purl.obolibrary.org/obo/PATO_0000461	Yes
SRR1146197	normal	http://purl.obolibrary.org/obo/PATO_0000461	Homo sapiens	http://purl.obolibrary.org/obo/NCBITaxon_9606	skin	http://purl.obolibrary.org/obo/UBERON_0000014	normal	http://purl.obolibrary.org/obo/PATO_0000461	normal	http://purl.obolibrary.org/obo/PATO_0000461	normal	http://purl.obolibrary.org/obo/PATO_0000461	Yes
SRR1146198	normal	http://purl.obolibrary.org/obo/PATO_0000461	Homo sapiens	http://purl.obolibrary.org/obo/NCBITaxon_9606	skin	http://purl.obolibrary.org/obo/UBERON_0000014	normal	http://purl.obolibrary.org/obo/PATO_0000461	normal	http://purl.obolibrary.org/obo/PATO_0000461	normal	http://purl.obolibrary.org/obo/PATO_0000461	Yes
SRR1146199	psoriasis	http://www.ebi.ac.uk/efo/EFO_0000676	Homo sapiens	http://purl.obolibrary.org/obo/NCBITaxon_9606	skin	http://purl.obolibrary.org/obo/UBERON_0000014	lesional skin		psoriasis	http://www.ebi.ac.uk/efo/EFO_0000676	lesional skin		Yes
SRR1146200	normal	http://purl.obolibrary.org/obo/PATO_0000461	Homo sapiens	http://purl.obolibrary.org/obo/NCBITaxon_9606	skin	http://purl.obolibrary.org/obo/UBERON_0000014	normal	http://purl.obolibrary.org/obo/PATO_0000461	normal	http://purl.obolibrary.org/obo/PATO_0000461	normal	http://purl.obolibrary.org/obo/PATO_0000461	Yes
SRR1146201	normal	http://purl.obolibrary.org/obo/PATO_0000461	Homo sapiens	http://purl.obolibrary.org/obo/NCBITaxon_9606	skin	http://purl.obolibrary.org/obo/UBERON_0000014	normal	http://purl.obolibrary.org/obo/PATO_0000461	normal	http://purl.obolibrary.org/obo/PATO_0000461	normal	http://purl.obolibrary.org/obo/PATO_0000461	Yes
SRR1146202	psoriasis	http://www.ebi.ac.uk/efo/EFO_0000676	Homo sapiens	http://purl.obolibrary.org/obo/NCBITaxon_9606	skin	http://purl.obolibrary.org/obo/UBERON_0000014	lesional skin		psoriasis	http://www.ebi.ac.uk/efo/EFO_0000676	lesional skin		Yes
SRR1146203	psoriasis	http://www.ebi.ac.uk/efo/EFO_0000676	Homo sapiens	http://purl.obolibrary.org/obo/NCBITaxon_9606	skin	http://purl.obolibrary.org/obo/UBERON_0000014	lesional skin		psoriasis	http://www.ebi.ac.uk/efo/EFO_0000676	lesional skin		Yes
SRR1146204	psoriasis	http://www.ebi.ac.uk/efo/EFO_0000676	Homo sapiens	http://purl.obolibrary.org/obo/NCBITaxon_9606	skin	http://purl.obolibrary.org/obo/UBERON_0000014	lesional skin		psoriasis	http://www.ebi.ac.uk/efo/EFO_0000676	lesional skin		Yes
SRR1146205	psoriasis	http://www.ebi.ac.uk/efo/EFO_0000676	Homo sapiens	http://purl.obolibrary.org/obo/NCBITaxon_9606	skin	http://purl.obolibrary.org/obo/UBERON_0000014	lesional skin		psoriasis	http://www.ebi.ac.uk/efo/EFO_0000676	lesional skin		Yes
SRR1146206	psoriasis	http://www.ebi.ac.uk/efo/EFO_0000676	Homo sapiens	http://purl.obolibrary.org/obo/NCBITaxon_9606	skin	http://purl.obolibrary.org/obo/UBERON_0000014	lesional skin		psoriasis	http://www.ebi.ac.uk/efo/EFO_0000676	lesional skin		Yes
SRR1146207	normal	http://purl.obolibrary.org/obo/PATO_0000461	Homo sapiens	http://purl.obolibrary.org/obo/NCBITaxon_9606	skin	http://purl.obolibrary.org/obo/UBERON_0000014	normal	http://purl.obolibrary.org/obo/PATO_0000461	normal	http://purl.obolibrary.org/obo/PATO_0000461	normal	http://purl.obolibrary.org/obo/PATO_0000461	Yes
SRR1146208	psoriasis	http://www.ebi.ac.uk/efo/EFO_0000676	Homo sapiens	http://purl.obolibrary.org/obo/NCBITaxon_9606	skin	http://purl.obolibrary.org/obo/UBERON_0000014	lesional skin		psoriasis	http://www.ebi.ac.uk/efo/EFO_0000676	lesional skin		Yes
SRR1146209	psoriasis	http://www.ebi.ac.uk/efo/EFO_0000676	Homo sapiens	http://purl.obolibrary.org/obo/NCBITaxon_9606	skin	http://purl.obolibrary.org/obo/UBERON_0000014	lesional skin		psoriasis	http://www.ebi.ac.uk/efo/EFO_0000676	lesional skin		Yes
SRR1146210	psoriasis	http://www.ebi.ac.uk/efo/EFO_0000676	Homo sapiens	http://purl.obolibrary.org/obo/NCBITaxon_9606	skin	http://purl.obolibrary.org/obo/UBERON_0000014	lesional skin		psoriasis	http://www.ebi.ac.uk/efo/EFO_0000676	lesional skin		Yes
SRR1146211	psoriasis	http://www.ebi.ac.uk/efo/EFO_0000676	Homo sapiens	http://purl.obolibrary.org/obo/NCBITaxon_9606	skin	http://purl.obolibrary.org/obo/UBERON_0000014	lesional skin		psoriasis	http://www.ebi.ac.uk/efo/EFO_0000676	lesional skin		Yes
SRR1146212	psoriasis	http://www.ebi.ac.uk/efo/EFO_0000676	Homo sapiens	http://purl.obolibrary.org/obo/NCBITaxon_9606	skin	http://purl.obolibrary.org/obo/UBERON_0000014	lesional skin		psoriasis	http://www.ebi.ac.uk/efo/EFO_0000676	lesional skin		Yes
SRR1146213	normal	http://purl.obolibrary.org/obo/PATO_0000461	Homo sapiens	http://purl.obolibrary.org/obo/NCBITaxon_9606	skin	http://purl.obolibrary.org/obo/UBERON_0000014	normal	http://purl.obolibrary.org/obo/PATO_0000461	normal	http://purl.obolibrary.org/obo/PATO_0000461	normal	http://purl.obolibrary.org/obo/PATO_0000461	Yes
SRR1146214	psoriasis	http://www.ebi.ac.uk/efo/EFO_0000676	Homo sapiens	http://purl.obolibrary.org/obo/NCBITaxon_9606	skin	http://purl.obolibrary.org/obo/UBERON_0000014	lesional skin		psoriasis	http://www.ebi.ac.uk/efo/EFO_0000676	lesional skin		Yes
SRR1146215	psoriasis	http://www.ebi.ac.uk/efo/EFO_0000676	Homo sapiens	http://purl.obolibrary.org/obo/NCBITaxon_9606	skin	http://purl.obolibrary.org/obo/UBERON_0000014	lesional skin		psoriasis	http://www.ebi.ac.uk/efo/EFO_0000676	lesional skin		Yes
SRR1146216	psoriasis	http://www.ebi.ac.uk/efo/EFO_0000676	Homo sapiens	http://purl.obolibrary.org/obo/NCBITaxon_9606	skin	http://purl.obolibrary.org/obo/UBERON_0000014	lesional skin		psoriasis	http://www.ebi.ac.uk/efo/EFO_0000676	lesional skin		Yes
SRR1146217	psoriasis	http://www.ebi.ac.uk/efo/EFO_0000676	Homo sapiens	http://purl.obolibrary.org/obo/NCBITaxon_9606	skin	http://purl.obolibrary.org/obo/UBERON_0000014	lesional skin		psoriasis	http://www.ebi.ac.uk/efo/EFO_0000676	lesional skin		Yes
SRR1146218	psoriasis	http://www.ebi.ac.uk/efo/EFO_0000676	Homo sapiens	http://purl.obolibrary.org/obo/NCBITaxon_9606	skin	http://purl.obolibrary.org/obo/UBERON_0000014	lesional skin		psoriasis	http://www.ebi.ac.uk/efo/EFO_0000676	lesional skin		Yes
SRR1146219	psoriasis	http://www.ebi.ac.uk/efo/EFO_0000676	Homo sapiens	http://purl.obolibrary.org/obo/NCBITaxon_9606	skin	http://purl.obolibrary.org/obo/UBERON_0000014	lesional skin		psoriasis	http://www.ebi.ac.uk/efo/EFO_0000676	lesional skin		Yes
SRR1146220	psoriasis	http://www.ebi.ac.uk/efo/EFO_0000676	Homo sapiens	http://purl.obolibrary.org/obo/NCBITaxon_9606	skin	http://purl.obolibrary.org/obo/UBERON_0000014	lesional skin		psoriasis	http://www.ebi.ac.uk/efo/EFO_0000676	lesional skin		Yes
SRR1146221	psoriasis	http://www.ebi.ac.uk/efo/EFO_0000676	Homo sapiens	http://purl.obolibrary.org/obo/NCBITaxon_9606	skin	http://purl.obolibrary.org/obo/UBERON_0000014	lesional skin		psoriasis	http://www.ebi.ac.uk/efo/EFO_0000676	lesional skin		Yes
SRR1146222	psoriasis	http://www.ebi.ac.uk/efo/EFO_0000676	Homo sapiens	http://purl.obolibrary.org/obo/NCBITaxon_9606	skin	http://purl.obolibrary.org/obo/UBERON_0000014	lesional skin		psoriasis	http://www.ebi.ac.uk/efo/EFO_0000676	lesional skin		Yes
SRR1146223	psoriasis	http://www.ebi.ac.uk/efo/EFO_0000676	Homo sapiens	http://purl.obolibrary.org/obo/NCBITaxon_9606	skin	http://purl.obolibrary.org/obo/UBERON_0000014	lesional skin		psoriasis	http://www.ebi.ac.uk/efo/EFO_0000676	lesional skin		Yes
SRR1146224	psoriasis	http://www.ebi.ac.uk/efo/EFO_0000676	Homo sapiens	http://purl.obolibrary.org/obo/NCBITaxon_9606	skin	http://purl.obolibrary.org/obo/UBERON_0000014	lesional skin		psoriasis	http://www.ebi.ac.uk/efo/EFO_0000676	lesional skin		Yes
SRR1146225	psoriasis	http://www.ebi.ac.uk/efo/EFO_0000676	Homo sapiens	http://purl.obolibrary.org/obo/NCBITaxon_9606	skin	http://purl.obolibrary.org/obo/UBERON_0000014	lesional skin		psoriasis	http://www.ebi.ac.uk/efo/EFO_0000676	lesional skin		Yes
SRR1146226	psoriasis	http://www.ebi.ac.uk/efo/EFO_0000676	Homo sapiens	http://purl.obolibrary.org/obo/NCBITaxon_9606	skin	http://purl.obolibrary.org/obo/UBERON_0000014	lesional skin		psoriasis	http://www.ebi.ac.uk/efo/EFO_0000676	lesional skin		Yes
SRR1146227	psoriasis	http://www.ebi.ac.uk/efo/EFO_0000676	Homo sapiens	http://purl.obolibrary.org/obo/NCBITaxon_9606	skin	http://purl.obolibrary.org/obo/UBERON_0000014	lesional skin		psoriasis	http://www.ebi.ac.uk/efo/EFO_0000676	lesional skin		Yes
SRR1146228	psoriasis	http://www.ebi.ac.uk/efo/EFO_0000676	Homo sapiens	http://purl.obolibrary.org/obo/NCBITaxon_9606	skin	http://purl.obolibrary.org/obo/UBERON_0000014	lesional skin		psoriasis	http://www.ebi.ac.uk/efo/EFO_0000676	lesional skin		Yes
SRR1146229	psoriasis	http://www.ebi.ac.uk/efo/EFO_0000676	Homo sapiens	http://purl.obolibrary.org/obo/NCBITaxon_9606	skin	http://purl.obolibrary.org/obo/UBERON_0000014	lesional skin		psoriasis	http://www.ebi.ac.uk/efo/EFO_0000676	lesional skin		Yes
SRR1146230	normal	http://purl.obolibrary.org/obo/PATO_0000461	Homo sapiens	http://purl.obolibrary.org/obo/NCBITaxon_9606	skin	http://purl.obolibrary.org/obo/UBERON_0000014	normal	http://purl.obolibrary.org/obo/PATO_0000461	normal	http://purl.obolibrary.org/obo/PATO_0000461	normal	http://purl.obolibrary.org/obo/PATO_0000461	Yes
SRR1146231	normal	http://purl.obolibrary.org/obo/PATO_0000461	Homo sapiens	http://purl.obolibrary.org/obo/NCBITaxon_9606	skin	http://purl.obolibrary.org/obo/UBERON_0000014	normal	http://purl.obolibrary.org/obo/PATO_0000461	normal	http://purl.obolibrary.org/obo/PATO_0000461	normal	http://purl.obolibrary.org/obo/PATO_0000461	Yes
SRR1146232	normal	http://purl.obolibrary.org/obo/PATO_0000461	Homo sapiens	http://purl.obolibrary.org/obo/NCBITaxon_9606	skin	http://purl.obolibrary.org/obo/UBERON_0000014	normal	http://purl.obolibrary.org/obo/PATO_0000461	normal	http://purl.obolibrary.org/obo/PATO_0000461	normal	http://purl.obolibrary.org/obo/PATO_0000461	Yes
SRR1146233	psoriasis	http://www.ebi.ac.uk/efo/EFO_0000676	Homo sapiens	http://purl.obolibrary.org/obo/NCBITaxon_9606	skin	http://purl.obolibrary.org/obo/UBERON_0000014	lesional skin		psoriasis	http://www.ebi.ac.uk/efo/EFO_0000676	lesional skin		Yes
SRR1146234	psoriasis	http://www.ebi.ac.uk/efo/EFO_0000676	Homo sapiens	http://purl.obolibrary.org/obo/NCBITaxon_9606	skin	http://purl.obolibrary.org/obo/UBERON_0000014	lesional skin		psoriasis	http://www.ebi.ac.uk/efo/EFO_0000676	lesional skin		Yes
SRR1146235	psoriasis	http://www.ebi.ac.uk/efo/EFO_0000676	Homo sapiens	http://purl.obolibrary.org/obo/NCBITaxon_9606	skin	http://purl.obolibrary.org/obo/UBERON_0000014	lesional skin		psoriasis	http://www.ebi.ac.uk/efo/EFO_0000676	lesional skin		Yes
SRR1146236	normal	http://purl.obolibrary.org/obo/PATO_0000461	Homo sapiens	http://purl.obolibrary.org/obo/NCBITaxon_9606	skin	http://purl.obolibrary.org/obo/UBERON_0000014	normal	http://purl.obolibrary.org/obo/PATO_0000461	normal	http://purl.obolibrary.org/obo/PATO_0000461	normal	http://purl.obolibrary.org/obo/PATO_0000461	Yes
SRR1146237	psoriasis	http://www.ebi.ac.uk/efo/EFO_0000676	Homo sapiens	http://purl.obolibrary.org/obo/NCBITaxon_9606	skin	http://purl.obolibrary.org/obo/UBERON_0000014	lesional skin		psoriasis	http://www.ebi.ac.uk/efo/EFO_0000676	lesional skin		Yes
SRR1146238	normal	http://purl.obolibrary.org/obo/PATO_0000461	Homo sapiens	http://purl.obolibrary.org/obo/NCBITaxon_9606	skin	http://purl.obolibrary.org/obo/UBERON_0000014	normal	http://purl.obolibrary.org/obo/PATO_0000461	normal	http://purl.obolibrary.org/obo/PATO_0000461	normal	http://purl.obolibrary.org/obo/PATO_0000461	Yes
SRR1146239	psoriasis	http://www.ebi.ac.uk/efo/EFO_0000676	Homo sapiens	http://purl.obolibrary.org/obo/NCBITaxon_9606	skin	http://purl.obolibrary.org/obo/UBERON_0000014	lesional skin		psoriasis	http://www.ebi.ac.uk/efo/EFO_0000676	lesional skin		Yes
SRR1146240	psoriasis	http://www.ebi.ac.uk/efo/EFO_0000676	Homo sapiens	http://purl.obolibrary.org/obo/NCBITaxon_9606	skin	http://purl.obolibrary.org/obo/UBERON_0000014	lesional skin		psoriasis	http://www.ebi.ac.uk/efo/EFO_0000676	lesional skin		Yes
SRR1146241	psoriasis	http://www.ebi.ac.uk/efo/EFO_0000676	Homo sapiens	http://purl.obolibrary.org/obo/NCBITaxon_9606	skin	http://purl.obolibrary.org/obo/UBERON_0000014	lesional skin		psoriasis	http://www.ebi.ac.uk/efo/EFO_0000676	lesional skin		Yes
SRR1146242	psoriasis	http://www.ebi.ac.uk/efo/EFO_0000676	Homo sapiens	http://purl.obolibrary.org/obo/NCBITaxon_9606	skin	http://purl.obolibrary.org/obo/UBERON_0000014	lesional skin		psoriasis	http://www.ebi.ac.uk/efo/EFO_0000676	lesional skin		Yes
SRR1146243	normal	http://purl.obolibrary.org/obo/PATO_0000461	Homo sapiens	http://purl.obolibrary.org/obo/NCBITaxon_9606	skin	http://purl.obolibrary.org/obo/UBERON_0000014	normal	http://purl.obolibrary.org/obo/PATO_0000461	normal	http://purl.obolibrary.org/obo/PATO_0000461	normal	http://purl.obolibrary.org/obo/PATO_0000461	Yes
SRR1146244	normal	http://purl.obolibrary.org/obo/PATO_0000461	Homo sapiens	http://purl.obolibrary.org/obo/NCBITaxon_9606	skin	http://purl.obolibrary.org/obo/UBERON_0000014	normal	http://purl.obolibrary.org/obo/PATO_0000461	normal	http://purl.obolibrary.org/obo/PATO_0000461	normal	http://purl.obolibrary.org/obo/PATO_0000461	Yes
SRR1146245	normal	http://purl.obolibrary.org/obo/PATO_0000461	Homo sapiens	http://purl.obolibrary.org/obo/NCBITaxon_9606	skin	http://purl.obolibrary.org/obo/UBERON_0000014	normal	http://purl.obolibrary.org/obo/PATO_0000461	normal	http://purl.obolibrary.org/obo/PATO_0000461	normal	http://purl.obolibrary.org/obo/PATO_0000461	Yes
SRR1146246	normal	http://purl.obolibrary.org/obo/PATO_0000461	Homo sapiens	http://purl.obolibrary.org/obo/NCBITaxon_9606	skin	http://purl.obolibrary.org/obo/UBERON_0000014	normal	http://purl.obolibrary.org/obo/PATO_0000461	normal	http://purl.obolibrary.org/obo/PATO_0000461	normal	http://purl.obolibrary.org/obo/PATO_0000461	Yes
SRR1146247	normal	http://purl.obolibrary.org/obo/PATO_0000461	Homo sapiens	http://purl.obolibrary.org/obo/NCBITaxon_9606	skin	http://purl.obolibrary.org/obo/UBERON_0000014	normal	http://purl.obolibrary.org/obo/PATO_0000461	normal	http://purl.obolibrary.org/obo/PATO_0000461	normal	http://purl.obolibrary.org/obo/PATO_0000461	Yes
SRR1146248	normal	http://purl.obolibrary.org/obo/PATO_0000461	Homo sapiens	http://purl.obolibrary.org/obo/NCBITaxon_9606	skin	http://purl.obolibrary.org/obo/UBERON_0000014	normal	http://purl.obolibrary.org/obo/PATO_0000461	normal	http://purl.obolibrary.org/obo/PATO_0000461	normal	http://purl.obolibrary.org/obo/PATO_0000461	Yes
SRR1146249	normal	http://purl.obolibrary.org/obo/PATO_0000461	Homo sapiens	http://purl.obolibrary.org/obo/NCBITaxon_9606	skin	http://purl.obolibrary.org/obo/UBERON_0000014	normal	http://purl.obolibrary.org/obo/PATO_0000461	normal	http://purl.obolibrary.org/obo/PATO_0000461	normal	http://purl.obolibrary.org/obo/PATO_0000461	Yes
SRR1146250	normal	http://purl.obolibrary.org/obo/PATO_0000461	Homo sapiens	http://purl.obolibrary.org/obo/NCBITaxon_9606	skin	http://purl.obolibrary.org/obo/UBERON_0000014	normal	http://purl.obolibrary.org/obo/PATO_0000461	normal	http://purl.obolibrary.org/obo/PATO_0000461	normal	http://purl.obolibrary.org/obo/PATO_0000461	Yes
SRR1146251	normal	http://purl.obolibrary.org/obo/PATO_0000461	Homo sapiens	http://purl.obolibrary.org/obo/NCBITaxon_9606	skin	http://purl.obolibrary.org/obo/UBERON_0000014	normal	http://purl.obolibrary.org/obo/PATO_0000461	normal	http://purl.obolibrary.org/obo/PATO_0000461	normal	http://purl.obolibrary.org/obo/PATO_0000461	Yes
SRR1146252	psoriasis	http://www.ebi.ac.uk/efo/EFO_0000676	Homo sapiens	http://purl.obolibrary.org/obo/NCBITaxon_9606	skin	http://purl.obolibrary.org/obo/UBERON_0000014	lesional skin		psoriasis	http://www.ebi.ac.uk/efo/EFO_0000676	lesional skin		Yes
SRR1146253	psoriasis	http://www.ebi.ac.uk/efo/EFO_0000676	Homo sapiens	http://purl.obolibrary.org/obo/NCBITaxon_9606	skin	http://purl.obolibrary.org/obo/UBERON_0000014	lesional skin		psoriasis	http://www.ebi.ac.uk/efo/EFO_0000676	lesional skin		Yes
SRR1146254	psoriasis	http://www.ebi.ac.uk/efo/EFO_0000676	Homo sapiens	http://purl.obolibrary.org/obo/NCBITaxon_9606	skin	http://purl.obolibrary.org/obo/UBERON_0000014	lesional skin		psoriasis	http://www.ebi.ac.uk/efo/EFO_0000676	lesional skin		Yes
